Clone,"Specific Growth Rate (mu, d^-1)",Total Delta Glucose (mmol/L),Total Delta Glutamine (mmol/L),Average Delta X (cells/L),"Biomass Yield (Yx/G, cells/L/mmol)","Biomass Yield (Yx/Gln, cells/L/mmol)",Average Delta_G/Delta_t (mmol/L/day),Average Delta_Gln/Delta_t (mmol/L/day),"Average Cell Density (X, cells/L)",Specific q_G (mmol/cell·day),Specific q_Gln (mmol/cell·day)
B,0.5525766966198038,-13.859228039890464,-3.6878618026666663,1706666666.666667,123142981.82802363,462779452.6987396,-3.464807009972616,-0.9219654506666666,1136666666.6666667,3.0482173108263483e-09,8.111132997067447e-10
C,0.7562141012175445,-15.210248841770277,-3.912881917,5506000000.0,361992762.7271595,1407146987.0017035,-3.802562210442569,-0.97822047925,3047000000.0,1.2479692190490873e-09,3.2104380677715784e-10
